date,count,fines
2015-01-01,857,63149.0
2015-01-02,9268,655200.0
2015-01-03,1108,74280.0
2015-01-04,2126,150785.0
2015-01-05,8226,561739.0
2015-01-06,8523,579278.0
2015-01-07,8346,569891.0
2015-01-08,8588,587892.0
2015-01-09,7541,515563.0
2015-01-10,1570,105742.0
2015-01-11,2064,142142.0
2015-01-12,8395,571723.0
2015-01-13,8829,602484.0
2015-01-14,8431,581820.0
2015-01-15,8588,592766.0
2015-01-16,7360,505744.0
2015-01-17,1487,102706.0
2015-01-18,2691,185992.0
2015-01-19,1164,82074.0
2015-01-20,8872,611645.0
2015-01-21,7642,517784.0
2015-01-22,8228,566726.0
2015-01-23,7342,506832.0
2015-01-24,1483,99490.0
2015-01-25,2760,188564.0
2015-01-26,8751,599404.0
2015-01-27,9061,621229.0
2015-01-28,8861,611407.0
2015-01-29,8600,594341.0
2015-01-30,5630,386747.0
2015-01-31,1802,121338.0
2015-02-01,2440,165842.0
2015-02-02,8406,570697.0
2015-02-03,8776,591554.0
2015-02-04,8300,563819.0
2015-02-05,9167,632914.0
2015-02-06,7737,526153.0
2015-02-07,1810,121058.0
2015-02-08,2591,180379.0
2015-02-09,7924,543587.0
2015-02-10,6230,432484.0
2015-02-11,8098,559273.0
2015-02-12,8058,564237.0
2015-02-13,7410,510240.0
2015-02-14,1676,112812.0
2015-02-15,2446,170207.0
2015-02-16,1212,86807.0
2015-02-17,7923,536290.0
2015-02-18,7529,513589.0
2015-02-19,7477,508888.0
2015-02-20,6796,458222.0
2015-02-21,1465,97383.0
2015-02-22,2409,172257.0
2015-02-23,8055,559185.0
2015-02-24,8432,574005.0
2015-02-25,7776,535233.0
2015-02-26,8091,562690.0
2015-02-27,7175,492055.0
2015-02-28,1522,100065.0
2015-03-01,2296,155873.0
2015-03-02,8397,576558.0
2015-03-03,8550,588005.0
2015-03-04,8867,602655.0
2015-03-05,8887,614553.0
2015-03-06,8043,546990.0
2015-03-07,1415,96705.0
2015-03-08,2475,171141.0
2015-03-09,8765,611010.0
2015-03-10,9180,631598.0
2015-03-11,8954,626409.0
2015-03-12,8477,586617.0
2015-03-13,7595,521956.0
2015-03-14,1308,89437.0
2015-03-15,2466,176844.0
2015-03-16,8608,598794.0
2015-03-17,8903,617684.0
2015-03-18,8335,580607.0
2015-03-19,8127,565693.0
2015-03-20,7323,507907.0
2015-03-21,1464,100120.0
2015-03-22,2630,189388.0
2015-03-23,8038,557517.0
2015-03-24,8269,569914.0
2015-03-25,7371,521392.0
2015-03-26,7987,567107.0
2015-03-27,6905,484311.0
2015-03-28,905,67001.0
2015-03-29,2682,187773.0
2015-03-30,4375,306608.0
2015-03-31,8029,562253.0
2015-04-01,3190,221824.0
2015-04-02,6826,476418.0
2015-04-03,7064,506621.0
2015-04-04,1123,75433.0
2015-04-05,2216,165597.0
2015-04-06,7927,563985.0
2015-04-07,8121,565857.0
2015-04-08,7701,545368.0
2015-04-09,8059,572888.0
2015-04-10,1021,72671.0
2015-04-11,1106,83705.0
2015-04-12,2459,171877.0
2015-04-13,7936,559642.0
2015-04-14,7774,536457.0
2015-04-15,7527,527392.0
2015-04-16,7767,543238.0
2015-04-17,6852,470960.0
2015-04-18,757,52894.0
2015-04-19,2423,168643.0
2015-04-20,7570,528996.0
2015-04-21,8696,608412.0
2015-04-22,7996,556787.0
2015-04-23,8518,605480.0
2015-04-24,7360,516195.0
2015-04-25,901,66501.0
2015-04-26,2432,165070.0
2015-04-27,7810,547366.0
2015-04-28,8380,589219.0
2015-04-29,7420,516471.0
2015-04-30,8142,576213.0
2015-05-01,8386,586567.0
2015-05-02,405,31730.0
2015-05-03,2273,159116.0
2015-05-04,7990,548739.0
2015-05-05,8542,595461.0
2015-05-06,7841,550412.0
2015-05-07,8318,585812.0
2015-05-08,7269,503594.0
2015-05-09,660,44305.0
2015-05-10,2425,169631.0
2015-05-11,8149,567992.0
2015-05-12,8994,615908.0
2015-05-13,8746,607983.0
2015-05-14,8290,587484.0
2015-05-15,401,30627.0
2015-05-16,580,41902.0
2015-05-17,2417,169897.0
2015-05-18,8152,574140.0
2015-05-19,8553,595804.0
2015-05-20,8300,577328.0
2015-05-21,8798,609033.0
2015-05-22,8139,566885.0
2015-05-23,772,50904.0
2015-05-24,2719,188928.0
2015-05-25,1409,100972.0
2015-05-26,9267,643774.0
2015-05-27,7888,547149.0
2015-05-28,7962,570515.0
2015-05-29,7559,524051.0
2015-05-30,696,54123.0
2015-05-31,2588,182369.0
2015-06-01,8271,576883.0
2015-06-02,8051,553965.0
2015-06-03,8634,600745.0
2015-06-04,8855,620036.0
2015-06-05,8258,575727.0
2015-06-06,919,62887.0
2015-06-07,2608,175945.0
2015-06-08,8846,620415.0
2015-06-09,9275,635312.0
2015-06-10,8734,597307.0
2015-06-11,8908,618582.0
2015-06-12,8200,567858.0
2015-06-13,582,40007.0
2015-06-14,2309,157824.0
2015-06-15,8478,593044.0
2015-06-16,8901,623703.0
2015-06-17,8794,613080.0
2015-06-18,8394,584711.0
2015-06-19,7627,536622.0
2015-06-20,929,69996.0
2015-06-21,2326,166840.0
2015-06-22,8430,588238.0
2015-06-23,8744,602196.0
2015-06-24,8321,580639.0
2015-06-25,8438,601849.0
2015-06-26,7268,504300.0
2015-06-27,836,61754.0
2015-06-28,2478,176409.0
2015-06-29,7946,560862.0
2015-06-30,8650,601353.0
2015-07-01,9144,664213.0
2015-07-02,7396,536368.0
2015-07-03,395,33599.0
2015-07-04,471,34806.0
2015-07-05,2326,166975.0
2015-07-06,7494,543783.0
2015-07-07,8678,617648.0
2015-07-08,8496,600695.0
2015-07-09,7554,530550.0
2015-07-10,7929,548534.0
2015-07-11,722,62596.0
2015-07-12,2460,175700.0
2015-07-13,8265,588176.0
2015-07-14,8873,626059.0
2015-07-15,8604,606406.0
2015-07-16,8426,597514.0
2015-07-17,7632,538302.0
2015-07-18,460,32815.0
2015-07-19,2339,168134.0
2015-07-20,7894,571994.0
2015-07-21,8276,587622.0
2015-07-22,8022,573435.0
2015-07-23,8072,570734.0
2015-07-24,7358,522360.0
2015-07-25,697,57858.0
2015-07-26,2652,194473.0
2015-07-27,7780,554746.0
2015-07-28,8489,608267.0
2015-07-29,7859,554989.0
2015-07-30,8136,576508.0
2015-07-31,7927,553338.0
2015-08-01,565,38210.0
2015-08-02,2547,180596.0
2015-08-03,8178,590549.0
2015-08-04,8743,610607.0
2015-08-05,8316,584047.0
2015-08-06,8104,570373.0
2015-08-07,8005,565891.0
2015-08-08,726,49350.0
2015-08-09,2366,167305.0
2015-08-10,8423,594663.0
2015-08-11,8930,632365.0
2015-08-12,8560,606749.0
2015-08-13,8930,630046.0
2015-08-14,7913,560116.0
2015-08-15,633,41273.0
2015-08-16,2173,151030.0
2015-08-17,7736,550995.0
2015-08-18,8582,595818.0
2015-08-19,7697,538588.0
2015-08-20,8349,586564.0
2015-08-21,7707,534290.0
2015-08-22,566,42032.0
2015-08-23,2361,172032.0
2015-08-24,8241,571986.0
2015-08-25,8730,610223.0
2015-08-26,8045,566623.0
2015-08-27,8376,591291.0
2015-08-28,7935,562391.0
2015-08-29,646,48263.0
2015-08-30,2535,186908.0
2015-08-31,7981,563038.0
2015-09-01,8310,574515.0
2015-09-02,8207,566466.0
2015-09-03,8148,569268.0
2015-09-04,8103,561624.0
2015-09-05,720,49878.0
2015-09-06,2567,178418.0
2015-09-07,1686,123222.0
2015-09-08,8468,591677.0
2015-09-09,7988,553509.0
2015-09-10,7899,549171.0
2015-09-11,7510,520909.0
2015-09-12,5311,357404.0
2015-09-13,2292,159454.0
2015-09-14,7553,523732.0
2015-09-15,6001,411063.0
2015-09-16,8399,583206.0
2015-09-17,8663,607163.0
2015-09-18,7806,532709.0
2015-09-19,548,38844.0
2015-09-20,2376,173758.0
2015-09-21,7764,544148.0
2015-09-22,8362,579356.0
2015-09-23,7517,521451.0
2015-09-24,8213,584695.0
2015-09-25,7957,563671.0
2015-09-26,535,35914.0
2015-09-27,2273,165682.0
2015-09-28,7145,496454.0
2015-09-29,7899,539991.0
2015-09-30,8561,607326.0
2015-10-01,8493,593259.0
2015-10-02,7886,551507.0
2015-10-03,675,50850.0
2015-10-04,2146,155664.0
2015-10-05,7134,495088.0
2015-10-06,7935,549882.0
2015-10-07,8444,582152.0
2015-10-08,8036,562626.0
2015-10-09,7242,513733.0
2015-10-10,630,46855.0
2015-10-11,2285,162775.0
2015-10-12,1109,85903.0
2015-10-13,8430,590864.0
2015-10-14,7613,543835.0
2015-10-15,8090,569820.0
2015-10-16,7623,528779.0
2015-10-17,563,47267.0
2015-10-18,2254,157996.0
2015-10-19,8234,570352.0
2015-10-20,8969,620756.0
2015-10-21,8534,589835.0
2015-10-22,8028,566644.0
2015-10-23,7731,536089.0
2015-10-24,717,52932.0
2015-10-25,2131,155387.0
2015-10-26,8016,557141.0
2015-10-27,8661,603305.0
2015-10-28,8430,586959.0
2015-10-29,8144,563990.0
2015-10-30,7830,554460.0
2015-10-31,386,27759.0
2015-11-01,2229,161932.0
2015-11-02,8027,557184.0
2015-11-03,8561,578809.0
2015-11-04,8555,582354.0
2015-11-05,8473,595395.0
2015-11-06,7758,539591.0
2015-11-07,513,34395.0
2015-11-08,2564,179764.0
2015-11-09,7894,547526.0
2015-11-10,8059,560118.0
2015-11-11,1210,91915.0
2015-11-12,8048,562881.0
2015-11-13,7090,496409.0
2015-11-14,574,39792.0
2015-11-15,2341,169513.0
2015-11-16,6802,474274.0
2015-11-17,8342,575580.0
2015-11-18,8318,575088.0
2015-11-19,8161,568544.0
2015-11-20,7212,499251.0
2015-11-21,441,30272.0
2015-11-22,2486,180108.0
2015-11-23,7368,513640.0
2015-11-24,7520,523341.0
2015-11-25,7044,493268.0
2015-11-26,1004,79818.0
2015-11-27,4382,314543.0
2015-11-28,345,25152.0
2015-11-29,2030,149129.0
2015-11-30,7051,492853.0
2015-12-01,7912,545189.0
2015-12-02,7538,521524.0
2015-12-03,7724,540876.0
2015-12-04,7084,494591.0
2015-12-05,442,37129.0
2015-12-06,2135,156115.0
2015-12-07,7224,503197.0
2015-12-08,7715,542277.0
2015-12-09,7094,499203.0
2015-12-10,7612,537853.0
2015-12-11,6800,470271.0
2015-12-12,408,26381.0
2015-12-13,1825,129809.0
2015-12-14,7672,536035.0
2015-12-15,8137,567557.0
2015-12-16,7910,562545.0
2015-12-17,8272,585394.0
2015-12-18,7183,494623.0
2015-12-19,445,29567.0
2015-12-20,2183,151650.0
2015-12-21,8235,588383.0
2015-12-22,8022,569491.0
2015-12-23,8513,596335.0
2015-12-24,8196,598660.0
2015-12-25,745,59845.0
2015-12-26,346,23846.0
2015-12-27,2143,152989.0
2015-12-28,7886,565240.0
2015-12-29,8133,576775.0
2015-12-30,7974,571729.0
2015-12-31,7557,553227.0
2016-01-01,1069,81599.0
2016-01-02,420,26097.0
2016-01-03,2124,151972.0
2016-01-04,7855,547832.0
2016-01-05,5865,407016.0
2016-01-06,6928,485732.0
2016-01-07,8266,576886.0
2016-01-08,8338,577556.0
2016-01-09,630,44164.0
2016-01-10,2028,145194.0
2016-01-11,9003,626804.0
2016-01-12,9261,648098.0
2016-01-13,9007,621401.0
2016-01-14,8617,600897.0
2016-01-15,8336,578621.0
2016-01-16,554,37253.0
2016-01-17,2247,156605.0
2016-01-18,1257,99093.0
2016-01-19,9830,682669.0
2016-01-20,8635,597612.0
2016-01-21,8524,591560.0
2016-01-22,7922,545362.0
2016-01-23,670,45029.0
2016-01-24,2214,156467.0
2016-01-25,8806,607926.0
2016-01-26,9245,635686.0
2016-01-27,8954,621803.0
2016-01-28,9175,628233.0
2016-01-29,8446,583527.0
2016-01-30,668,50999.0
2016-01-31,1829,133976.0
2016-02-01,7703,530949.0
2016-02-02,9174,624233.0
2016-02-03,9099,614978.0
2016-02-04,9062,619768.0
2016-02-05,8082,555904.0
2016-02-06,734,54142.0
2016-02-07,1919,136814.0
2016-02-08,7867,542299.0
2016-02-09,8494,570500.0
2016-02-10,8280,584753.0
2016-02-11,8510,589272.0
2016-02-12,8129,557213.0
2016-02-13,452,30604.0
2016-02-14,2201,163928.0
2016-02-15,1219,85566.0
2016-02-16,8600,598463.0
2016-02-17,7746,537671.0
2016-02-18,8104,562339.0
2016-02-19,7821,542358.0
2016-02-20,618,50356.0
2016-02-21,2497,178865.0
2016-02-22,8504,588925.0
2016-02-23,9339,638280.0
2016-02-24,8918,619884.0
2016-02-25,8778,609635.0
2016-02-26,8424,586544.0
2016-02-27,552,41646.0
2016-02-28,2531,184287.0
2016-02-29,8913,619839.0
2016-03-01,9100,614006.0
2016-03-02,8723,592827.0
2016-03-03,8798,613134.0
2016-03-04,8614,597099.0
2016-03-05,559,41692.0
2016-03-06,2297,165288.0
2016-03-07,5942,402384.0
2016-03-08,8671,603865.0
2016-03-09,8544,597965.0
2016-03-10,8719,604863.0
2016-03-11,7327,513035.0
2016-03-12,441,31421.0
2016-03-13,2377,165747.0
2016-03-14,8759,608833.0
2016-03-15,9053,633511.0
2016-03-16,8299,583840.0
2016-03-17,8372,588255.0
2016-03-18,7914,547830.0
2016-03-19,510,38936.0
2016-03-20,2094,153536.0
2016-03-21,8269,584267.0
2016-03-22,8814,616535.0
2016-03-23,7947,556807.0
2016-03-24,8345,582129.0
2016-03-25,8263,587011.0
2016-03-26,617,45262.0
2016-03-27,2245,172231.0
2016-03-28,3690,256303.0
2016-03-29,8402,586569.0
2016-03-30,7675,534396.0
2016-03-31,8334,585711.0
2016-04-01,7723,536359.0
2016-04-02,615,46836.0
2016-04-03,2377,173859.0
2016-04-04,7662,535641.0
2016-04-05,7916,557497.0
2016-04-06,7467,526969.0
2016-04-07,7883,548488.0
2016-04-08,6463,460087.0
2016-04-09,451,31533.0
2016-04-10,2203,159910.0
2016-04-11,7794,542777.0
2016-04-12,7663,532865.0
2016-04-13,7911,549507.0
2016-04-14,7813,548587.0
2016-04-15,7064,497558.0
2016-04-16,489,37972.0
2016-04-17,2227,158491.0
2016-04-18,7812,547494.0
2016-04-19,8339,580795.0
2016-04-20,8596,602294.0
2016-04-21,8197,577058.0
2016-04-22,7992,557717.0
2016-04-23,615,43054.0
2016-04-24,2132,156902.0
2016-04-25,8412,581980.0
2016-04-26,8614,610703.0
2016-04-27,8077,572590.0
2016-04-28,7931,564968.0
2016-04-29,7600,538682.0
2016-04-30,500,35057.0
2016-05-01,2545,181294.0
2016-05-02,8196,569159.0
2016-05-03,8702,612335.0
2016-05-04,8664,611127.0
2016-05-05,9366,651858.0
2016-05-06,8062,559105.0
2016-05-07,558,41021.0
2016-05-08,2267,161486.0
2016-05-09,8930,618484.0
2016-05-10,9236,644825.0
2016-05-11,8287,592999.0
2016-05-12,9182,645645.0
2016-05-13,8354,585027.0
2016-05-14,604,42007.0
2016-05-15,2354,163903.0
2016-05-16,8387,598925.0
2016-05-17,9000,623248.0
2016-05-18,8466,594143.0
2016-05-19,9156,640493.0
2016-05-20,7722,537072.0
2016-05-21,565,41209.0
2016-05-22,2201,162295.0
2016-05-23,8561,593725.0
2016-05-24,8700,606462.0
2016-05-25,8514,600921.0
2016-05-26,8733,610723.0
2016-05-27,7668,541122.0
2016-05-28,500,33438.0
2016-05-29,550,40940.0
2016-05-30,1608,126295.0
2016-05-31,8884,636098.0
2016-06-01,8201,577913.0
2016-06-02,7992,568637.0
2016-06-03,7297,506881.0
2016-06-04,486,34309.0
2016-06-05,2169,154843.0
2016-06-06,8220,571429.0
2016-06-07,8354,587095.0
2016-06-08,8184,568713.0
2016-06-09,8721,612123.0
2016-06-10,7419,519820.0
2016-06-11,566,44791.0
2016-06-12,1872,135224.0
2016-06-13,7434,525813.0
2016-06-14,8508,597360.0
2016-06-15,8242,581536.0
2016-06-16,8454,594845.0
2016-06-17,7572,533360.0
2016-06-18,455,31308.0
2016-06-19,1984,142737.0
2016-06-20,7474,526245.0
2016-06-21,8369,586381.0
2016-06-22,8348,580259.0
2016-06-23,8099,584346.0
2016-06-24,6408,455092.0
2016-06-25,98,7194.0
2016-06-26,1842,131532.0
2016-06-27,7477,528779.0
2016-06-28,7985,565519.0
2016-06-29,7467,525030.0
2016-06-30,8352,589966.0
2016-07-01,7271,511453.0
2016-07-02,4485,299680.0
2016-07-03,1660,113612.0
2016-07-04,1129,86450.0
2016-07-05,8084,564039.0
2016-07-06,7322,516287.0
2016-07-07,7616,532753.0
2016-07-08,6818,476252.0
2016-07-09,4256,276477.0
2016-07-10,2136,151751.0
2016-07-11,7830,546853.0
2016-07-12,7970,558960.0
2016-07-13,7639,537867.0
2016-07-14,7852,554024.0
2016-07-15,6767,477221.0
2016-07-16,186,13704.0
2016-07-17,2088,149856.0
2016-07-18,7429,516256.0
2016-07-19,7104,501541.0
2016-07-20,7022,501034.0
2016-07-21,7124,496494.0
2016-07-22,6772,469939.0
2016-07-23,200,14343.0
2016-07-24,2057,151497.0
2016-07-25,7231,516342.0
2016-07-26,7782,543620.0
2016-07-27,7417,524536.0
2016-07-28,7752,546435.0
2016-07-29,6649,470923.0
2016-07-30,267,17433.0
2016-07-31,1909,133765.0
2016-08-01,7213,504417.0
2016-08-02,7966,555242.0
2016-08-03,7653,531151.0
2016-08-04,7807,545832.0
2016-08-05,7234,506718.0
2016-08-06,4552,299437.0
2016-08-07,2334,159357.0
2016-08-08,7708,541530.0
2016-08-09,8404,593016.0
2016-08-10,7717,546622.0
2016-08-11,8378,589052.0
2016-08-12,7118,497835.0
2016-08-13,4190,275343.0
2016-08-14,2263,159465.0
2016-08-15,7391,524412.0
2016-08-16,7899,554776.0
2016-08-17,7239,505640.0
2016-08-18,7957,548787.0
2016-08-19,6634,467389.0
2016-08-20,4407,295320.0
2016-08-21,2148,148178.0
2016-08-22,7646,540234.0
2016-08-23,8068,568074.0
2016-08-24,7237,509533.0
2016-08-25,8262,581535.0
2016-08-26,6878,486382.0
2016-08-27,4770,316596.0
2016-08-28,112,8611.0
2016-08-29,6894,486597.0
2016-08-30,7696,535390.0
2016-08-31,7341,521025.0
2016-09-01,162,11323.0
2016-09-02,38,2257.0
2016-09-03,77,4898.0
2016-09-04,302,23480.0
2016-09-05,1210,88604.0
2016-09-06,8089,555510.0
2016-09-07,7119,496679.0
2016-09-08,7160,494350.0
2016-09-09,6846,473040.0
2016-09-10,4873,318889.0
2016-09-11,2412,166866.0
2016-09-12,7587,530465.0
2016-09-13,8425,588703.0
2016-09-14,7201,501591.0
2016-09-15,8613,599763.0
2016-09-16,7266,513428.0
2016-09-17,4796,316549.0
2016-09-18,2087,149401.0
2016-09-19,7265,511690.0
2016-09-20,8212,573867.0
2016-09-21,7661,540448.0
2016-09-22,8202,571883.0
2016-09-23,7070,500132.0
2016-09-24,4548,307388.0
2016-09-25,2268,158672.0
2016-09-26,7385,532140.0
2016-09-27,8323,580338.0
2016-09-28,7662,540376.0
2016-09-29,8290,586477.0
2016-09-30,7469,524527.0
2016-10-01,4257,293667.0
2016-10-02,2376,165077.0
2016-10-03,7275,511489.0
2016-10-04,7680,524561.0
2016-10-05,8155,569046.0
2016-10-06,8432,585379.0
2016-10-07,7741,534411.0
2016-10-08,4570,303918.0
2016-10-09,2412,167945.0
2016-10-10,1188,89267.0
2016-10-11,7341,511774.0
2016-10-12,7169,504769.0
2016-10-13,7627,528459.0
2016-10-14,7362,508247.0
2016-10-15,4487,297835.0
2016-10-16,1859,136565.0
2016-10-17,5787,402835.0
2016-10-18,7196,490620.0
2016-10-19,7678,544192.0
2016-10-20,8279,580621.0
2016-10-21,7218,504349.0
2016-10-22,4961,334385.0
2016-10-23,1854,136894.0
2016-10-24,6622,469682.0
2016-10-25,7379,511220.0
2016-10-26,8081,566961.0
2016-10-27,8381,581257.0
2016-10-28,7475,524309.0
2016-10-29,4996,338808.0
2016-10-30,2365,168712.0
2016-10-31,7927,561474.0
2016-11-01,8910,621415.0
2016-11-02,7842,535841.0
2016-11-03,8573,598967.0
2016-11-04,7370,507081.0
2016-11-05,4907,329373.0
2016-11-06,2282,155986.0
2016-11-07,7551,514006.0
2016-11-08,7402,516789.0
2016-11-09,6974,485608.0
2016-11-10,7538,527876.0
2016-11-11,1088,88859.0
2016-11-12,4933,327647.0
2016-11-13,2125,147317.0
2016-11-14,7119,494441.0
2016-11-15,7457,521092.0
2016-11-16,7776,543317.0
2016-11-17,7536,519322.0
2016-11-18,6920,491313.0
2016-11-19,4824,320296.0
2016-11-20,2185,157521.0
2016-11-21,6837,475903.0
2016-11-22,6900,488993.0
2016-11-23,6526,455525.0
2016-11-24,1006,80762.0
2016-11-25,3990,287467.0
2016-11-26,4134,270460.0
2016-11-27,2285,160797.0
2016-11-28,6733,468856.0
2016-11-29,7416,526900.0
2016-11-30,7255,513882.0
2016-12-01,8209,570017.0
2016-12-02,7265,507882.0
2016-12-03,4773,311091.0
2016-12-04,2488,178317.0
2016-12-05,7817,544719.0
2016-12-06,7974,560423.0
2016-12-07,7260,502725.0
2016-12-08,7342,503004.0
2016-12-09,6252,432410.0
2016-12-10,4335,291355.0
2016-12-11,1948,135930.0
2016-12-12,7590,525769.0
2016-12-13,7994,547169.0
2016-12-14,6920,475294.0
2016-12-15,7583,530556.0
2016-12-16,6866,481965.0
2016-12-17,3868,251958.0
2016-12-18,1853,130614.0
2016-12-19,8054,565315.0
2016-12-20,8461,594190.0
2016-12-21,7811,555911.0
2016-12-22,8696,615841.0
2016-12-23,7479,528347.0
2016-12-24,2783,186501.0
2016-12-25,722,54841.0
2016-12-26,902,65842.0
2016-12-27,8798,628120.0
2016-12-28,8270,575186.0
2016-12-29,8798,618638.0
2016-12-30,7846,563399.0
2016-12-31,4223,286514.0
2017-01-01,1115,89597.0
2017-01-02,1344,95120.0
2017-01-03,8109,561499.0
2017-01-04,7035,492626.0
2017-01-05,7916,551958.0
2017-01-06,7233,503291.0
2017-01-07,4859,322526.0
2017-01-08,2348,164853.0
2017-01-09,6604,461129.0
2017-01-10,8087,568679.0
2017-01-11,7204,497610.0
2017-01-12,6939,475990.0
2017-01-13,6980,487743.0
2017-01-14,5042,331857.0
2017-01-15,2112,145003.0
2017-01-16,1375,103496.0
2017-01-17,8229,568554.0
2017-01-18,7312,508432.0
2017-01-19,8201,569749.0
2017-01-20,6128,430177.0
2017-01-21,4409,290820.0
2017-01-22,1224,92387.0
2017-01-23,7612,536797.0
2017-01-24,8431,587617.0
2017-01-25,8127,568836.0
2017-01-26,8511,610899.0
2017-01-27,7610,527967.0
2017-01-28,4806,313829.0
2017-01-29,1952,140405.0
2017-01-30,8542,592484.0
2017-01-31,8678,602688.0
2017-02-01,8203,569165.0
2017-02-02,8767,614284.0
2017-02-03,8016,555867.0
2017-02-04,5149,331746.0
2017-02-05,1822,134810.0
2017-02-06,5865,399407.0
2017-02-07,8843,619045.0
2017-02-08,7993,575396.0
2017-02-09,8682,609160.0
2017-02-10,7806,544453.0
2017-02-11,4867,320448.0
2017-02-12,2251,177654.0
2017-02-13,7584,527541.0
2017-02-14,7388,529739.0
2017-02-15,7339,525202.0
2017-02-16,7699,553588.0
2017-02-17,3665,258807.0
2017-02-18,2934,190673.0
2017-02-19,1865,133186.0
2017-02-20,1157,90419.0
2017-02-21,7746,548209.0
2017-02-22,7080,502571.0
2017-02-23,7011,491784.0
2017-02-24,6763,479759.0
2017-02-25,4104,280061.0
2017-02-26,2304,172428.0
2017-02-27,7656,547332.0
2017-02-28,8194,577668.0
2017-03-01,7651,538057.0
2017-03-02,8659,599642.0
2017-03-03,7902,553759.0
2017-03-04,4720,310276.0
2017-03-05,1931,139358.0
2017-03-06,8272,580184.0
2017-03-07,8701,612482.0
2017-03-08,8423,602411.0
2017-03-09,8619,597035.0
2017-03-10,7551,531119.0
2017-03-11,4688,310073.0
2017-03-12,2142,158829.0
2017-03-13,8592,606609.0
2017-03-14,9060,643624.0
2017-03-15,8180,575412.0
2017-03-16,8409,586908.0
2017-03-17,7613,531045.0
2017-03-18,4776,312822.0
2017-03-19,2372,175038.0
2017-03-20,8378,589705.0
2017-03-21,8580,601740.0
2017-03-22,8393,593387.0
2017-03-23,8220,584832.0
2017-03-24,7579,524004.0
2017-03-25,4257,282658.0
2017-03-26,2313,169588.0
2017-03-27,2540,176880.0
2017-03-28,8188,578184.0
2017-03-29,7595,538161.0
2017-03-30,8066,562712.0
2017-03-31,7893,560780.0
2017-04-01,4839,317677.0
2017-04-02,2131,152273.0
2017-04-03,7967,557184.0
2017-04-04,8507,591832.0
2017-04-05,8054,565187.0
2017-04-06,8970,632665.0
2017-04-07,8082,567040.0
2017-04-08,4717,320250.0
2017-04-09,2479,176587.0
2017-04-10,7960,560345.0
2017-04-11,7856,550865.0
2017-04-12,7289,514134.0
2017-04-13,8822,624054.0
2017-04-14,7940,564596.0
2017-04-15,4499,307629.0
2017-04-16,2076,150593.0
2017-04-17,6869,484633.0
2017-04-18,7776,551235.0
2017-04-19,8175,577811.0
2017-04-20,8526,609482.0
2017-04-21,7451,525799.0
2017-04-22,4547,301267.0
2017-04-23,2295,166148.0
2017-04-24,7983,569887.0
2017-04-25,8187,573835.0
2017-04-26,8009,565287.0
2017-04-27,8362,611942.0
2017-04-28,6948,489420.0
2017-04-29,4063,278011.0
2017-04-30,2200,155756.0
2017-05-01,8053,569360.0
2017-05-02,8385,589999.0
2017-05-03,7835,549425.0
2017-05-04,7828,555019.0
2017-05-05,7437,521761.0
2017-05-06,4701,319628.0
2017-05-07,2020,144248.0
2017-05-08,7616,536849.0
2017-05-09,8753,608579.0
2017-05-10,8182,588594.0
2017-05-11,8061,574690.0
2017-05-12,7592,538451.0
2017-05-13,4339,286390.0
2017-05-14,1964,141271.0
2017-05-15,8018,558758.0
2017-05-16,8485,591386.0
2017-05-17,8313,589495.0
2017-05-18,8460,599465.0
2017-05-19,7386,516321.0
2017-05-20,4441,301813.0
2017-05-21,2087,152196.0
2017-05-22,7601,532078.0
2017-05-23,7734,542445.0
2017-05-24,7275,512962.0
2017-05-25,8407,596811.0
2017-05-26,7509,531070.0
2017-05-27,4534,305613.0
2017-05-28,2257,166634.0
2017-05-29,1497,115932.0
2017-05-30,8413,593009.0
2017-05-31,7257,522708.0
2017-06-01,7284,507301.0
2017-06-02,7179,505706.0
2017-06-03,4217,284147.0
2017-06-04,2285,165476.0
2017-06-05,8210,571600.0
2017-06-06,8641,612146.0
2017-06-07,7851,567357.0
2017-06-08,8187,580025.0
2017-06-09,6929,485809.0
2017-06-10,4083,276377.0
2017-06-11,2110,159553.0
2017-06-12,7790,546009.0
2017-06-13,7847,552292.0
2017-06-14,7751,551054.0
2017-06-15,7659,549403.0
2017-06-16,7028,494475.0
2017-06-17,4208,279938.0
2017-06-18,2196,160179.0
2017-06-19,7210,518077.0
2017-06-20,8051,568792.0
2017-06-21,6959,507894.0
2017-06-22,8006,577455.0
2017-06-23,6819,481810.0
2017-06-24,4175,279441.0
2017-06-25,2553,185092.0
2017-06-26,7245,519459.0
2017-06-27,7586,544904.0
2017-06-28,7366,521921.0
2017-06-29,8277,594600.0
2017-06-30,7466,527247.0
2017-07-01,4723,315581.0
2017-07-02,2099,149817.0
2017-07-03,9069,656276.0
2017-07-04,1445,116091.0
2017-07-05,8498,616143.0
2017-07-06,7931,569755.0
2017-07-07,7128,506219.0
2017-07-08,3993,272789.0
2017-07-09,2271,163026.0
2017-07-10,7333,528491.0
2017-07-11,7816,558610.0
2017-07-12,7583,536389.0
2017-07-13,7965,565639.0
2017-07-14,7291,512441.0
2017-07-15,4831,324775.0
2017-07-16,2499,187730.0
2017-07-17,7284,520202.0
2017-07-18,7914,561299.0
2017-07-19,7496,530466.0
2017-07-20,8182,577702.0
2017-07-21,7339,526509.0
2017-07-22,4271,287295.0
2017-07-23,2386,171187.0
2017-07-24,7618,539970.0
2017-07-25,8504,603112.0
2017-07-26,7483,531186.0
2017-07-27,7946,566327.0
2017-07-28,7110,506105.0
2017-07-29,3957,274359.0
2017-07-30,2257,170506.0
2017-07-31,7758,554401.0
2017-08-01,8037,569336.0
2017-08-02,7584,543745.0
2017-08-03,8260,585845.0
2017-08-04,7518,534536.0
2017-08-05,3870,262093.0
2017-08-06,2243,163902.0
2017-08-07,7720,551078.0
2017-08-08,7955,565131.0
2017-08-09,7652,545543.0
2017-08-10,7942,563282.0
2017-08-11,7381,524334.0
2017-08-12,4392,297061.0
2017-08-13,2316,169538.0
2017-08-14,8056,565042.0
2017-08-15,8450,602786.0
2017-08-16,7590,537081.0
2017-08-17,7564,528704.0
2017-08-18,7141,502358.0
2017-08-19,4668,313955.0
2017-08-20,2407,171606.0
2017-08-21,7319,516036.0
2017-08-22,8261,578336.0
2017-08-23,7760,542290.0
2017-08-24,8485,597621.0
2017-08-25,7470,531559.0
2017-08-26,3839,262440.0
2017-08-27,1972,144309.0
2017-08-28,7097,503809.0
2017-08-29,7492,522792.0
2017-08-30,6986,495197.0
2017-08-31,7437,522081.0
2017-09-01,6747,482368.0
2017-09-02,3502,234334.0
2017-09-03,1969,140546.0
2017-09-04,1318,101360.0
2017-09-05,7838,550631.0
2017-09-06,6799,475509.0
2017-09-07,7286,509399.0
2017-09-08,6416,456355.0
2017-09-09,4250,280128.0
2017-09-10,2124,155913.0
2017-09-11,7693,533326.0
2017-09-12,8045,573013.0
2017-09-13,7366,512719.0
2017-09-14,7859,554697.0
2017-09-15,6615,477023.0
2017-09-16,4226,282321.0
2017-09-17,2095,150419.0
2017-09-18,7556,525338.0
2017-09-19,8092,578778.0
2017-09-20,7218,511142.0
2017-09-21,7064,504683.0
2017-09-22,6537,453927.0
2017-09-23,4101,271650.0
2017-09-24,2328,164492.0
2017-09-25,7059,494616.0
2017-09-26,7629,535654.0
2017-09-27,6934,499637.0
2017-09-28,8062,563745.0
2017-09-29,6525,463503.0
2017-09-30,3841,263773.0
2017-10-01,2115,155651.0
2017-10-02,6667,476815.0
2017-10-03,7704,543518.0
2017-10-04,7307,516331.0
2017-10-05,7320,517306.0
2017-10-06,6660,470600.0
2017-10-07,4254,289141.0
2017-10-08,2142,152788.0
2017-10-09,1360,104712.0
2017-10-10,7770,541833.0
2017-10-11,7705,534271.0
2017-10-12,7384,511644.0
2017-10-13,6475,462283.0
2017-10-14,3694,251523.0
2017-10-15,2026,148201.0
2017-10-16,7342,510500.0
2017-10-17,8171,569405.0
2017-10-18,8067,574590.0
2017-10-19,8355,589500.0
2017-10-20,7459,526989.0
2017-10-21,4195,282806.0
2017-10-22,2319,168777.0
2017-10-23,7443,521483.0
2017-10-24,7753,542782.0
2017-10-25,7263,505393.0
2017-10-26,7816,552876.0
2017-10-27,6951,488077.0
2017-10-28,4315,293422.0
2017-10-29,1892,138052.0
2017-10-30,7545,527881.0
2017-10-31,7498,528412.0
2017-11-01,7490,526822.0
2017-11-02,8156,563902.0
2017-11-03,7322,507286.0
2017-11-04,4102,275959.0
2017-11-05,1920,135548.0
2017-11-06,7595,523268.0
2017-11-07,7874,537857.0
2017-11-08,7644,524139.0
2017-11-09,7150,491701.0
2017-11-10,1104,83097.0
2017-11-11,1296,98165.0
2017-11-12,1740,124679.0
2017-11-13,7025,484825.0
2017-11-14,7391,516089.0
2017-11-15,6845,479699.0
2017-11-16,7583,522038.0
2017-11-17,6753,464226.0
2017-11-18,4148,274743.0
2017-11-19,1822,130821.0
2017-11-20,6886,485295.0
2017-11-21,6528,453831.0
2017-11-22,6906,483559.0
2017-11-23,922,71980.0
2017-11-24,3433,241980.0
2017-11-25,4031,262473.0
2017-11-26,1804,133052.0
2017-11-27,7043,490239.0
2017-11-28,7444,520130.0
2017-11-29,7376,523555.0
2017-11-30,8531,600159.0
2017-12-01,7563,536048.0
2017-12-02,4657,313095.0
2017-12-03,2148,162411.0
2017-12-04,7654,538284.0
2017-12-05,7401,515289.0
2017-12-06,6528,466118.0
2017-12-07,7383,516678.0
2017-12-08,7260,506704.0
2017-12-09,4191,276543.0
2017-12-10,1965,149763.0
2017-12-11,7290,509341.0
2017-12-12,7904,554940.0
2017-12-13,7419,522604.0
2017-12-14,8035,559313.0
2017-12-15,6864,481305.0
2017-12-16,4376,297551.0
2017-12-17,1642,121337.0
2017-12-18,7758,539988.0
2017-12-19,8541,599602.0
2017-12-20,8260,587391.0
2017-12-21,8230,587440.0
2017-12-22,7283,514831.0
2017-12-23,3743,253230.0
2017-12-24,1255,89154.0
2017-12-25,893,66175.0
2017-12-26,8932,634648.0
2017-12-27,8117,568584.0
2017-12-28,7844,560706.0
2017-12-29,6863,489889.0
2017-12-30,3716,244332.0
2017-12-31,1604,116186.0
2018-01-01,1261,91062.0
2018-01-02,9130,635120.0
2018-01-03,7705,539199.0
2018-01-04,8034,552266.0
2018-01-05,6908,479943.0
2018-01-06,4241,286179.0
2018-01-07,1965,145654.0
2018-01-08,7446,513190.0
2018-01-09,5194,349559.0
2018-01-10,7978,559056.0
2018-01-11,8377,580158.0
2018-01-12,7664,527960.0
2018-01-13,4217,280363.0
2018-01-14,2189,162045.0
2018-01-15,1205,85056.0
2018-01-16,8960,618760.0
2018-01-17,7604,526244.0
2018-01-18,7436,521839.0
2018-01-19,6675,466940.0
2018-01-20,3910,260096.0
2018-01-21,1845,131072.0
2018-01-22,7676,529677.0
2018-01-23,8459,580425.0
2018-01-24,7798,549978.0
2018-01-25,7893,553218.0
2018-01-26,7409,518770.0
2018-01-27,3940,269797.0
2018-01-28,1971,141296.0
2018-01-29,7566,526193.0
2018-01-30,8200,568233.0
2018-01-31,7246,517584.0
2018-02-01,7785,537840.0
2018-02-02,7055,493561.0
2018-02-03,3695,246711.0
2018-02-04,1725,124107.0
2018-02-05,6951,482831.0
2018-02-06,7461,520204.0
2018-02-07,7526,523753.0
2018-02-08,7827,547741.0
2018-02-09,6958,491038.0
2018-02-10,4067,274942.0
2018-02-11,1919,140255.0
2018-02-12,7313,509847.0
2018-02-13,7872,547625.0
2018-02-14,7034,500200.0
2018-02-15,7294,508319.0
2018-02-16,6968,493636.0
2018-02-17,3571,241959.0
2018-02-18,1863,136875.0
2018-02-19,1158,85687.0
2018-02-20,8305,584424.0
2018-02-21,7063,492283.0
2018-02-22,7434,526004.0
2018-02-23,6601,465989.0
2018-02-24,4272,284654.0
2018-02-25,2228,159458.0
2018-02-26,7625,537428.0
2018-02-27,8771,608331.0
2018-02-28,8093,563550.0
2018-03-01,8076,562246.0
2018-03-02,6545,468550.0
2018-03-03,4134,274750.0
2018-03-04,2259,165160.0
2018-03-05,7609,528553.0
2018-03-06,8627,594802.0
2018-03-07,8047,559410.0
2018-03-08,8511,599739.0
2018-03-09,7609,538200.0
2018-03-10,4193,287972.0
2018-03-11,2002,148154.0
2018-03-12,7995,565727.0
2018-03-13,7760,550100.0
2018-03-14,7895,551098.0
2018-03-15,7631,542210.0
2018-03-16,7279,509014.0
2018-03-17,4023,264704.0
2018-03-18,2114,159601.0
2018-03-19,7668,535065.0
2018-03-20,8598,600563.0
2018-03-21,7316,516392.0
2018-03-22,5803,408985.0
2018-03-23,7349,516397.0
2018-03-24,4245,287472.0
2018-03-25,2548,177441.0
2018-03-26,3410,233611.0
2018-03-27,8115,572380.0
2018-03-28,7549,530996.0
2018-03-29,7637,543355.0
2018-03-30,7299,515853.0
2018-03-31,3411,236965.0
2018-04-01,1738,126072.0
2018-04-02,8127,566185.0
2018-04-03,8326,585268.0
2018-04-04,7820,546999.0
2018-04-05,7687,546203.0
2018-04-06,5826,413746.0
2018-04-07,3851,257972.0
2018-04-08,2179,157087.0
2018-04-09,7426,523647.0
2018-04-10,8426,600689.0
2018-04-11,7815,550975.0
2018-04-12,8013,565729.0
2018-04-13,6794,473973.0
2018-04-14,4312,284429.0
2018-04-15,2258,161763.0
2018-04-16,7639,530180.0
2018-04-17,8685,605319.0
2018-04-18,7565,533413.0
2018-04-19,8174,573692.0
2018-04-20,7269,516683.0
2018-04-21,4633,309647.0
2018-04-22,2176,157739.0
2018-04-23,8113,573152.0
2018-04-24,8101,573929.0
2018-04-25,8068,568609.0
2018-04-26,7870,548581.0
2018-04-27,7243,513071.0
2018-04-28,3771,256277.0
2018-04-29,1965,143654.0
2018-04-30,7352,513919.0
2018-05-01,7848,548985.0
2018-05-02,8181,563712.0
2018-05-03,8264,582694.0
2018-05-04,7166,502049.0
2018-05-05,674,46513.0
2018-05-06,1959,137136.0
2018-05-07,7529,526397.0
2018-05-08,8168,569249.0
2018-05-09,7766,558128.0
2018-05-10,7876,558603.0
2018-05-11,7162,496522.0
2018-05-12,387,27034.0
2018-05-13,1842,130165.0
2018-05-14,7282,511349.0
2018-05-15,8293,583524.0
2018-05-16,7819,543215.0
2018-05-17,8274,576890.0
2018-05-18,6595,463020.0
2018-05-19,355,22962.0
2018-05-20,2330,162828.0
2018-05-21,6777,476326.0
2018-05-22,8316,576118.0
2018-05-23,7765,540047.0
2018-05-24,8199,583490.0
2018-05-25,7269,519244.0
2018-05-26,588,38694.0
2018-05-27,2359,167670.0
2018-05-28,1474,110139.0
2018-05-29,8419,594059.0
2018-05-30,7608,533125.0
2018-05-31,7622,530778.0
2018-06-01,6503,457513.0
2018-06-02,649,43797.0
2018-06-03,2355,173578.0
2018-06-04,7466,531648.0
2018-06-05,8215,573044.0
2018-06-06,7872,552509.0
2018-06-07,7476,527242.0
2018-06-08,6965,493348.0
2018-06-09,617,43525.0
2018-06-10,1993,144053.0
2018-06-11,7577,534889.0
2018-06-12,8105,572152.0
2018-06-13,7499,526715.0
2018-06-14,7873,548101.0
2018-06-15,7076,498011.0
2018-06-16,578,38452.0
2018-06-17,1805,126479.0
2018-06-18,6603,464362.0
2018-06-19,8054,570154.0
2018-06-20,7521,531042.0
2018-06-21,7168,508380.0
2018-06-22,7053,499784.0
2018-06-23,717,46201.0
2018-06-24,2298,166488.0
2018-06-25,7241,513260.0
2018-06-26,7903,557202.0
2018-06-27,7403,522433.0
2018-06-28,7802,560590.0
2018-06-29,6799,487871.0
2018-06-30,596,41531.0
2018-07-01,1924,137226.0
2018-07-02,6536,456765.0
2018-07-03,7387,519162.0
2018-07-04,1240,97834.0
2018-07-05,7691,548082.0
2018-07-06,6273,449311.0
2018-07-07,519,37633.0
2018-07-08,1670,121591.0
2018-07-09,6156,435909.0
2018-07-10,7156,507974.0
2018-07-11,6982,488626.0
2018-07-12,7550,530700.0
2018-07-13,6677,469571.0
2018-07-14,477,34483.0
2018-07-15,1992,144688.0
2018-07-16,6319,446790.0
2018-07-17,7144,501811.0
2018-07-18,6849,477596.0
2018-07-19,7013,501268.0
2018-07-20,6198,443445.0
2018-07-21,492,35799.0
2018-07-22,1795,129770.0
2018-07-23,6256,448971.0
2018-07-24,7080,499061.0
2018-07-25,6470,464498.0
2018-07-26,7130,508245.0
2018-07-27,550,37814.0
2018-07-28,500,37667.0
2018-07-29,1810,130860.0
2018-07-30,6112,427235.0
2018-07-31,7033,491707.0
2018-08-01,6377,445238.0
2018-08-02,7007,495207.0
2018-08-03,6167,433667.0
2018-08-04,1470,97956.0
2018-08-05,1875,135746.0
2018-08-06,6586,459939.0
2018-08-07,6732,473366.0
2018-08-08,6561,463663.0
2018-08-09,7317,513261.0
2018-08-10,6395,445579.0
2018-08-11,3667,245484.0
2018-08-12,2028,144530.0
2018-08-13,7369,519081.0
2018-08-14,7366,520378.0
2018-08-15,6840,479396.0
2018-08-16,4314,303652.0
2018-08-17,6344,445084.0
2018-08-18,718,48418.0
2018-08-19,1768,125388.0
2018-08-20,6666,470668.0
2018-08-21,7799,544977.0
2018-08-22,6970,486877.0
2018-08-23,7733,543792.0
2018-08-24,6621,466066.0
2018-08-25,488,31871.0
2018-08-26,2096,147756.0
2018-08-27,6865,481434.0
2018-08-28,7505,518505.0
2018-08-29,6810,479135.0
2018-08-30,7185,506689.0
2018-08-31,6552,462305.0
2018-09-01,441,29306.0
2018-09-02,1772,133294.0
2018-09-03,1427,102428.0
2018-09-04,7617,530683.0
2018-09-05,6279,445578.0
2018-09-06,6968,486737.0
2018-09-07,398,28316.0
2018-09-08,339,22701.0
2018-09-09,1901,136927.0
2018-09-10,6695,471498.0
2018-09-11,7337,508059.0
2018-09-12,7717,540429.0
2018-09-13,7356,522596.0
2018-09-14,339,22531.0
2018-09-15,361,24910.0
2018-09-16,356,24297.0
2018-09-17,7339,509732.0
2018-09-18,8065,557128.0
2018-09-19,7421,513323.0
2018-09-20,8244,582417.0
2018-09-21,6928,487635.0
2018-09-22,599,39319.0
2018-09-23,1947,137852.0
2018-09-24,6748,464552.0
2018-09-25,7871,549491.0
2018-09-26,7967,550675.0
2018-09-27,8087,567347.0
2018-09-28,7277,511797.0
2018-09-29,3949,262018.0
2018-09-30,2070,151290.0
2018-10-01,6361,444076.0
2018-10-02,7226,503318.0
2018-10-03,8122,560847.0
2018-10-04,7888,544119.0
2018-10-05,2845,196843.0
2018-10-06,296,22935.0
2018-10-07,1738,125797.0
2018-10-08,1310,104661.0
2018-10-09,7872,547377.0
2018-10-10,4829,346618.0
2018-10-11,6874,489045.0
2018-10-12,884,62426.0
2018-10-13,3706,247681.0
2018-10-14,2224,163409.0
2018-10-15,7578,533334.0
2018-10-16,8216,573775.0
2018-10-17,7405,525486.0
2018-10-18,7308,510020.0
2018-10-19,7228,506966.0
2018-10-20,584,41576.0
2018-10-21,1740,129301.0
2018-10-22,7190,509336.0
2018-10-23,7533,528705.0
2018-10-24,7177,502108.0
2018-10-25,7596,533754.0
2018-10-26,6561,462199.0
2018-10-27,508,34946.0
2018-10-28,1613,122428.0
2018-10-29,7188,507075.0
2018-10-30,7173,512871.0
2018-10-31,7312,514183.0
2018-11-01,7263,513277.0
2018-11-02,4527,319129.0
2018-11-03,383,31320.0
2018-11-04,1911,137198.0
2018-11-05,7267,504678.0
2018-11-06,7712,541693.0
2018-11-07,7493,518306.0
2018-11-08,7524,525572.0
2018-11-09,6140,431681.0
2018-11-10,277,19552.0
2018-11-11,1726,130560.0
2018-11-12,1153,91762.0
2018-11-13,6670,469856.0
2018-11-14,7019,490140.0
2018-11-15,7170,504760.0
2018-11-16,6310,443581.0
2018-11-17,1332,87310.0
2018-11-18,2054,149029.0
2018-11-19,6729,471619.0
2018-11-20,6903,485815.0
2018-11-21,6154,430576.0
2018-11-22,1074,79598.0
2018-11-23,3825,266886.0
2018-11-24,505,35770.0
2018-11-25,1878,138917.0
2018-11-26,6505,464977.0
2018-11-27,6995,489162.0
2018-11-28,7255,515450.0
2018-11-29,4638,323777.0
2018-11-30,6555,460165.0
2018-12-01,522,35452.0
2018-12-02,2051,159178.0
2018-12-03,7448,520990.0
2018-12-04,7458,524916.0
2018-12-05,6707,472029.0
2018-12-06,3884,278251.0
2018-12-07,5823,411984.0
2018-12-08,432,35358.0
2018-12-09,1738,129243.0
2018-12-10,6821,478420.0
2018-12-11,7201,508985.0
2018-12-12,6567,467007.0
2018-12-13,7257,511864.0
2018-12-14,6439,458791.0
2018-12-15,654,42288.0
2018-12-16,1814,131849.0
2018-12-17,6952,487518.0
2018-12-18,7425,521465.0
2018-12-19,6478,467579.0
2018-12-20,7378,519367.0
2018-12-21,6280,444591.0
2018-12-22,447,28315.0
2018-12-23,1728,127218.0
2018-12-24,7007,518819.0
2018-12-25,965,74814.0
2018-12-26,8922,646599.0
2018-12-27,7217,511496.0
2018-12-28,1563,116603.0
2018-12-29,1448,92845.0
2018-12-30,2043,141325.0
2018-12-31,7237,524809.0
2019-01-01,1207,92733.0
2019-01-02,8013,565295.0
2019-01-03,6974,495133.0
2019-01-04,6407,450299.0
2019-01-05,463,31169.0
2019-01-06,1757,127096.0
2019-01-07,6961,488133.0
2019-01-08,7996,558032.0
2019-01-09,7350,514591.0
2019-01-10,7877,549182.0
2019-01-11,7102,498051.0
2019-01-12,515,35873.0
2019-01-13,1864,131701.0
2019-01-14,4772,334110.0
2019-01-15,7956,564731.0
2019-01-16,6937,488823.0
2019-01-17,4791,332368.0
2019-01-18,5680,398076.0
2019-01-19,1512,97541.0
2019-01-20,1905,131972.0
2019-01-21,1223,88392.0
2019-01-22,7974,557453.0
2019-01-23,6871,472893.0
2019-01-24,7637,540116.0
2019-01-25,7117,501386.0
2019-01-26,4454,294862.0
2019-01-27,2277,160001.0
2019-01-28,7709,537813.0
2019-01-29,8655,616448.0
2019-01-30,7967,552667.0
2019-01-31,6573,464512.0
2019-02-01,7088,493157.0
2019-02-02,2695,183689.0
2019-02-03,1382,95720.0
2019-02-04,4061,282047.0
2019-02-05,7653,532352.0
2019-02-06,7779,549866.0
2019-02-07,8023,559371.0
2019-02-08,7274,514583.0
2019-02-09,3993,266896.0
2019-02-10,1878,136473.0
2019-02-11,7771,549917.0
2019-02-12,8160,571318.0
2019-02-13,7533,535215.0
2019-02-14,4478,312788.0
2019-02-15,6969,485870.0
2019-02-16,3757,253639.0
2019-02-17,1855,129109.0
2019-02-18,1274,98224.0
2019-02-19,7835,547488.0
2019-02-20,6969,494008.0
2019-02-21,7672,536352.0
2019-02-22,5833,411610.0
2019-02-23,3781,252988.0
2019-02-24,2326,163458.0
2019-02-25,7420,515478.0
2019-02-26,8121,570395.0
2019-02-27,7264,512632.0
2019-02-28,7996,568591.0
2019-03-01,7185,503591.0
2019-03-02,604,44865.0
2019-03-03,2185,153641.0
2019-03-04,7490,524909.0
2019-03-05,7966,555481.0
2019-03-06,4759,342000.0
2019-03-07,7427,518189.0
2019-03-08,6941,490786.0
2019-03-09,616,41052.0
2019-03-10,1854,129032.0
2019-03-11,7289,512299.0
2019-03-12,1703,120943.0
2019-03-13,1760,128943.0
2019-03-14,7763,551249.0
2019-03-15,6934,486864.0
2019-03-16,616,42016.0
2019-03-17,2110,156888.0
2019-03-18,7807,545135.0
2019-03-19,8186,572888.0
2019-03-20,7249,505724.0
2019-03-21,7597,543084.0
2019-03-22,6588,464233.0
2019-03-23,495,32182.0
2019-03-24,1862,138272.0
2019-03-25,3254,233908.0
2019-03-26,7506,526048.0
2019-03-27,6669,474574.0
2019-03-28,6851,488769.0
2019-03-29,6477,463651.0
2019-03-30,590,42468.0
2019-03-31,2154,158664.0
2019-04-01,7430,525697.0
2019-04-02,7029,488775.0
2019-04-03,7217,514569.0
2019-04-04,8035,570613.0
2019-04-05,6618,469352.0
2019-04-06,455,31329.0
2019-04-07,1939,138892.0
2019-04-08,7225,512370.0
2019-04-09,7342,513067.0
2019-04-10,5239,370280.0
2019-04-11,7019,496151.0
2019-04-12,6716,473848.0
2019-04-13,1625,111897.0
2019-04-14,1987,141978.0
2019-04-15,7146,503774.0
2019-04-16,7715,550650.0
2019-04-17,7196,505435.0
2019-04-18,7575,533288.0
2019-04-19,7021,499520.0
2019-04-20,558,46665.0
2019-04-21,1761,133411.0
2019-04-22,6631,466649.0
2019-04-23,8024,570672.0
2019-04-24,6920,493898.0
2019-04-25,7305,524361.0
2019-04-26,6169,435118.0
2019-04-27,565,38361.0
2019-04-28,1827,131032.0
2019-04-29,7060,496056.0
2019-04-30,7823,542517.0
2019-05-01,7400,520003.0
2019-05-02,7908,557290.0
2019-05-03,6941,489423.0
2019-05-04,479,32497.0
2019-05-05,1674,124519.0
2019-05-06,7475,526959.0
2019-05-07,8197,574746.0
2019-05-08,7303,521539.0
2019-05-09,7461,525806.0
2019-05-10,6291,448423.0
2019-05-11,521,36138.0
2019-05-12,1808,131283.0
2019-05-13,6776,471601.0
2019-05-14,7092,492131.0
2019-05-15,7040,489151.0
2019-05-16,6381,453993.0
2019-05-17,6385,445828.0
2019-05-18,384,27176.0
2019-05-19,1750,124730.0
2019-05-20,6835,480038.0
2019-05-21,6933,484950.0
2019-05-22,6736,483583.0
2019-05-23,7280,517174.0
2019-05-24,6266,445659.0
2019-05-25,599,41730.0
2019-05-26,1871,130807.0
2019-05-27,1387,106289.0
2019-05-28,6705,475330.0
2019-05-29,6342,453497.0
2019-05-30,6495,458383.0
2019-05-31,5794,413841.0
2019-06-01,524,36570.0
2019-06-02,1960,148730.0
2019-06-03,6837,481768.0
2019-06-04,7211,507405.0
2019-06-05,6572,463973.0
2019-06-06,6761,485464.0
2019-06-07,5977,423707.0
2019-06-08,293,21172.0
2019-06-09,1789,129433.0
2019-06-10,5280,372271.0
2019-06-11,6419,450005.0
2019-06-12,5865,418856.0
2019-06-13,6651,476073.0
2019-06-14,5523,397824.0
2019-06-15,592,37484.0
2019-06-16,1615,114064.0
2019-06-17,6089,429262.0
2019-06-18,6953,496347.0
2019-06-19,6651,480984.0
2019-06-20,6604,456379.0
2019-06-21,5931,422172.0
2019-06-22,575,39276.0
2019-06-23,1865,133950.0
2019-06-24,6307,449881.0
2019-06-25,6639,468747.0
2019-06-26,6282,444509.0
2019-06-27,6334,442687.0
2019-06-28,5595,392883.0
2019-06-29,367,25454.0
2019-06-30,1614,118061.0
2019-07-01,6123,446303.0
2019-07-02,6330,444974.0
2019-07-03,6392,455105.0
2019-07-04,817,67808.0
2019-07-05,7391,534517.0
2019-07-06,1032,64738.0
2019-07-07,1392,99588.0
2019-07-08,5841,407329.0
2019-07-09,6456,450621.0
2019-07-10,6054,432613.0
2019-07-11,6120,431740.0
2019-07-12,5408,388112.0
2019-07-13,288,20277.0
2019-07-14,1428,104174.0
2019-07-15,5832,407435.0
2019-07-16,6545,459374.0
2019-07-17,5789,412725.0
2019-07-18,6109,433622.0
2019-07-19,4259,303829.0
2019-07-20,1124,75343.0
2019-07-21,1313,93295.0
2019-07-22,5916,413103.0
2019-07-23,6036,423900.0
2019-07-24,5530,393161.0
2019-07-25,5563,395877.0
2019-07-26,5612,399661.0
2019-07-27,154,10608.0
2019-07-28,1240,86463.0
2019-07-29,5554,394203.0
2019-07-30,5559,397329.0
2019-07-31,5154,364428.0
2019-08-01,4722,329636.0
2019-08-02,3874,274824.0
2019-08-03,66,4382.0
2019-08-04,935,65924.0
2019-08-05,3100,224050.0
2019-08-06,3079,214233.0
2019-08-07,2572,186023.0
2019-08-08,3747,270406.0
2019-08-09,3125,225361.0
2019-08-10,75,5874.0
2019-08-11,1133,89223.0
2019-08-12,2656,190672.0
2019-08-13,3131,219076.0
2019-08-14,2557,182265.0
2019-08-15,4468,321772.0
2019-08-16,3336,244537.0
2019-08-17,11,596.0
2019-08-18,425,33958.0
2019-08-19,1782,134529.0
2019-08-20,4989,360471.0
2019-08-21,4357,317374.0
2019-08-22,125,10384.0
2019-08-23,2784,211461.0
2019-08-24,16,1450.0
2019-08-25,222,16320.0
2019-08-26,3916,276224.0
2019-08-27,4276,300511.0
2019-08-28,3090,225009.0
2019-08-29,2167,153718.0
2019-08-30,2585,187274.0
2019-08-31,18,1478.0
2019-09-01,563,42068.0
2019-09-02,315,25598.0
2019-09-03,2866,199595.0
2019-09-04,85,6007.0
2019-09-05,1058,76102.0
2019-09-06,2615,182486.0
2019-09-07,131,10614.0
2019-09-08,1022,74074.0
2019-09-09,1891,133491.0
2019-09-10,3059,215215.0
2019-09-11,2557,182308.0
2019-09-12,1899,130116.0
2019-09-13,2126,150788.0
2019-09-14,8,853.0
2019-09-15,24,1491.0
2019-09-16,1256,87342.0
2019-09-17,1329,92170.0
2019-09-18,33,2254.0
2019-09-19,55,2881.0
2019-09-20,136,10900.0
2019-09-21,102,6549.0
2019-09-22,153,14035.0
2019-09-23,334,28919.0
2019-09-24,225,14825.0
2019-09-25,416,38793.0
2019-09-26,311,23737.0
2019-09-27,223,14128.0
2019-09-28,220,13520.0
2019-09-29,239,18282.0
2019-09-30,982,68923.0
2019-10-01,1160,79802.0
2019-10-02,1156,81426.0
2019-10-03,1048,68410.0
2019-10-04,901,64116.0
2019-10-05,256,18741.0
2019-10-06,504,40923.0
2019-10-07,805,60755.0
2019-10-08,774,61414.0
2019-10-09,832,57790.0
2019-10-10,685,50129.0
2019-10-11,299,21898.0
2019-10-12,120,11089.0
2019-10-13,208,14576.0
2019-10-14,158,11014.0
2019-10-15,737,54806.0
2019-10-16,618,46705.0
2019-10-17,582,39139.0
2019-10-18,619,43153.0
2019-10-19,121,9189.0
2019-10-20,167,12916.0
2019-10-21,586,42123.0
2019-10-22,522,35703.0
2019-10-23,541,38509.0
2019-10-24,548,37206.0
2019-10-25,499,34203.0
2019-10-26,4143,286885.0
2019-10-27,178,14437.0
2019-10-28,387,26833.0
2019-10-29,567,38139.0
2019-10-30,420,29304.0
2019-10-31,385,26903.0
2019-11-01,496,34461.0
2019-11-02,394,26720.0
2019-11-03,116,10274.0
2019-11-04,501,34982.0
2019-11-05,503,34681.0
2019-11-06,461,34629.0
2019-11-07,366,23393.0
2019-11-08,378,25545.0
2019-11-09,23,1464.0
2019-11-10,81,6454.0
2019-11-11,92,7032.0
2019-11-12,444,29859.0
2019-11-13,451,29875.0
2019-11-14,359,24428.0
2019-11-15,346,24666.0
2019-11-16,3,174.0
2019-11-17,183,12392.0
2019-11-18,452,30273.0
2019-11-19,496,33175.0
2019-11-20,307,22011.0
2019-11-21,260,17089.0
2019-11-22,346,25766.0
2019-11-23,2,0.0
2019-11-24,119,9752.0
2019-11-25,256,17755.0
2019-11-26,221,15715.0
2019-11-27,153,10234.0
2019-11-28,71,5320.0
2019-11-29,208,17326.0
2019-11-30,1,58.0
2019-12-01,65,5408.0
2019-12-02,314,24422.0
2019-12-03,294,20604.0
2019-12-04,161,13449.0
2019-12-05,258,17520.0
2019-12-06,316,23282.0
2019-12-07,6,986.0
2019-12-08,190,16602.0
2019-12-09,261,19849.0
2019-12-10,252,17466.0
2019-12-11,195,13576.0
2019-12-12,199,14618.0
2019-12-13,237,18725.0
2019-12-14,19,1530.0
2019-12-15,77,6097.0
2019-12-16,344,23541.0
2019-12-17,287,21305.0
2019-12-18,283,20121.0
2019-12-19,164,12290.0
2019-12-20,228,17166.0
2019-12-21,3,279.0
2019-12-22,84,6449.0
2019-12-23,166,13156.0
2019-12-24,199,15461.0
2019-12-25,59,5316.0
2019-12-26,228,18493.0
2019-12-27,191,14566.0
2019-12-28,177,12869.0
2019-12-29,139,10874.0
2019-12-30,256,20978.0
2019-12-31,281,21315.0
2020-01-01,46,4133.0
2020-01-02,309,23748.0
2020-01-03,212,14879.0
2020-01-04,238,16027.0
2020-01-05,37,2514.0
2020-01-06,257,18694.0
2020-01-07,344,23992.0
2020-01-08,371,25183.0
2020-01-09,299,20391.0
2020-01-10,297,20772.0
2020-01-11,29,2537.0
2020-01-12,89,7564.0
2020-01-13,259,16525.0
2020-01-14,327,21500.0
2020-01-15,344,23880.0
2020-01-16,292,20346.0
2020-01-17,285,19968.0
2020-01-18,41,3251.0
2020-01-19,122,9601.0
2020-01-20,172,14122.0
2020-01-21,490,34806.0
2020-01-22,495,36119.0
2020-01-23,450,32743.0
2020-01-24,363,26014.0
2020-01-25,187,12400.0
2020-01-26,284,19298.0
2020-01-27,576,41620.0
2020-01-28,723,54545.0
2020-01-29,661,47223.0
2020-01-30,652,48199.0
2020-01-31,675,45768.0
2020-02-01,4974,333964.0
2020-02-02,1855,135612.0
2020-02-03,7652,535802.0
2020-02-04,8826,619680.0
2020-02-05,8807,618768.0
2020-02-06,8720,606414.0
2020-02-07,7937,561371.0
2020-02-08,5026,347686.0
2020-02-09,2169,162883.0
2020-02-10,8464,591550.0
2020-02-11,9480,658116.0
2020-02-12,8620,616816.0
2020-02-13,8096,571769.0
2020-02-14,7723,553199.0
2020-02-15,4673,314485.0
2020-02-16,2042,148087.0
2020-02-17,1351,117280.0
2020-02-18,8958,629905.0
2020-02-19,8123,574412.0
2020-02-20,8262,580327.0
2020-02-21,7887,571675.0
2020-02-22,5236,362440.0
2020-02-23,2379,178792.0
2020-02-24,8599,600567.0
2020-02-25,8492,602066.0
2020-02-26,8619,607980.0
2020-02-27,8615,605536.0
2020-02-28,7917,563553.0
2020-02-29,5165,348365.0
2020-03-01,1988,148760.0
2020-03-02,8602,597929.0
2020-03-03,8922,635395.0
2020-03-04,8672,621016.0
2020-03-05,8773,613702.0
2020-03-06,7922,570506.0
2020-03-07,5138,348518.0
2020-03-08,1835,139616.0
2020-03-09,8647,606221.0
2020-03-10,8689,616050.0
2020-03-11,8980,641768.0
2020-03-12,7683,546639.0
2020-03-13,5791,430164.0
2020-03-14,4502,304952.0
2020-03-15,1567,114771.0
2020-03-16,7901,569305.0
2020-03-17,4959,361504.0
2020-03-18,4573,316714.0
2020-03-19,4783,338750.0
2020-03-20,3949,284278.0
2020-03-21,3102,222373.0
2020-03-22,890,66425.0
2020-03-23,3985,288708.0
2020-03-24,3842,279976.0
2020-03-25,3323,244627.0
2020-03-26,3569,262050.0
2020-03-27,2767,209379.0
2020-03-28,2123,156885.0
2020-03-29,875,71577.0
2020-03-30,1526,115134.0
2020-03-31,1841,139489.0
2020-04-01,1645,124861.0
2020-04-02,1505,113893.0
2020-04-03,1392,105348.0
2020-04-04,1220,86055.0
2020-04-05,413,33947.0
2020-04-06,1252,92522.0
2020-04-07,1475,108757.0
2020-04-08,1606,122347.0
2020-04-09,1310,99773.0
2020-04-10,1392,104802.0
2020-04-11,1256,93691.0
2020-04-12,639,49935.0
2020-04-13,1717,132321.0
2020-04-14,1736,133718.0
2020-04-15,1569,114867.0
2020-04-16,1856,135426.0
2020-04-17,1666,129507.0
2020-04-18,1643,132702.0
2020-04-19,735,63908.0
2020-04-20,1795,139836.0
2020-04-21,1735,135987.0
2020-04-22,1690,131858.0
2020-04-23,1820,138177.0
2020-04-24,1711,127671.0
2020-04-25,1538,118950.0
2020-04-26,874,74923.0
2020-04-27,1947,145681.0
2020-04-28,1919,139225.0
2020-04-29,1760,132122.0
2020-04-30,1697,123476.0
2020-05-01,1613,124881.0
2020-05-02,1635,126955.0
2020-05-03,896,75192.0
2020-05-04,1948,154759.0
2020-05-05,1705,140129.0
2020-05-06,1720,128538.0
2020-05-07,1714,129430.0
2020-05-08,2022,158246.0
2020-05-09,1605,127307.0
2020-05-10,1055,84386.0
2020-05-11,2399,179285.0
2020-05-12,2306,178604.0
2020-05-13,2168,166389.0
2020-05-14,2229,165495.0
2020-05-15,2276,173276.0
2020-05-16,2167,171999.0
2020-05-17,1104,96444.0
2020-05-18,2012,158088.0
2020-05-19,2078,165681.0
2020-05-20,1952,150302.0
2020-05-21,2169,163149.0
2020-05-22,2229,171792.0
2020-05-23,2183,161529.0
2020-05-24,1437,120510.0
2020-05-25,1173,107093.0
2020-05-26,2945,221013.0
2020-05-27,2368,175458.0
2020-05-28,2415,181364.0
2020-05-29,2665,197170.0
2020-05-30,2091,152889.0
2020-05-31,474,38114.0
2020-06-01,1628,121594.0
2020-06-02,1953,143129.0
2020-06-03,126,9566.0
2020-06-04,2644,199772.0
2020-06-05,2661,203174.0
2020-06-06,1944,147594.0
2020-06-07,1159,94514.0
2020-06-08,3130,234208.0
2020-06-09,3366,257814.0
2020-06-10,2730,204465.0
2020-06-11,3166,233927.0
2020-06-12,2958,227307.0
2020-06-13,2378,174953.0
2020-06-14,1228,98112.0
2020-06-15,3213,238712.0
2020-06-16,3168,236387.0
2020-06-17,3006,228319.0
2020-06-18,3051,232295.0
2020-06-19,2936,221796.0
2020-06-20,2712,197059.0
2020-06-21,1216,99502.0
2020-06-22,3247,239394.0
2020-06-23,3410,256083.0
2020-06-24,3250,248064.0
2020-06-25,3182,232457.0
2020-06-26,2982,223514.0
